{"hits@1": 0.3544990427568602, "_step": 23, "_runtime": 16583, "_timestamp": 1636872162, "hits@3": 0.4077855775366943, "hits@5": 0.43235481812380344, "hits@10": 0.46713465220165923, "hits@20": 0.49457562220804085, "dev_evaluation/mrr": 0.38980210280447075, "dev_evaluation/mr": 3081.1608437706, "test_evaluation/mrr": 0.3925815095210677, "test_evaluation/mr": 2964.413848117422}