{"loss": 0.1827818751335144, "_step": 82, "_runtime": 73, "_timestamp": 1636973470, "hits@1": 0.5586592178770949, "hits@3": 0.7718808193668529, "hits@5": 0.8556797020484171, "hits@10": 0.9348230912476723, "hits@20": 0.9804469273743017, "dev_evaluation/mrr": 0.7001826064918372, "dev_evaluation/mr": 3.250936329588015, "test_evaluation/mrr": 0.6877051346881332, "test_evaluation/mr": 3.335195530726257}