{"loss": 0.10296867042779922, "_step": 6999, "_runtime": 5880, "_timestamp": 1636892872, "hits@1": 0.686219739292365, "hits@3": 0.8836126629422719, "hits@5": 0.925512104283054, "hits@10": 0.9599627560521415, "hits@20": 0.9767225325884544, "dev_evaluation/mrr": 0.8034180951167166, "dev_evaluation/mr": 3.1104868913857677, "test_evaluation/mrr": 0.7913828024200862, "test_evaluation/mr": 2.6396648044692737}