{"loss": 0.098322294652462, "_step": 5953, "_runtime": 7307, "_timestamp": 1636885938, "hits@1": 0.723463687150838, "hits@3": 0.8901303538175046, "hits@5": 0.946927374301676, "hits@10": 0.9683426443202979, "hits@20": 0.9804469273743017, "dev_evaluation/mrr": 0.8108136324862587, "dev_evaluation/mr": 2.764044943820225, "test_evaluation/mrr": 0.8159001925303424, "test_evaluation/mr": 2.48975791433892}