{"loss": 0.11534177511930466, "_step": 351, "_runtime": 288, "_timestamp": 1636974212, "hits@1": 0.7346368715083799, "hits@3": 0.9245810055865922, "hits@5": 0.9534450651769087, "hits@10": 0.9823091247672253, "hits@20": 0.9925512104283054, "dev_evaluation/mrr": 0.832976281113805, "dev_evaluation/mr": 2.316479400749064, "test_evaluation/mrr": 0.8308285228309154, "test_evaluation/mr": 2.0763500931098697, "best_metrics_dev": {"mr": 2.345505617977528, "mrr": 0.8333873092308399, "hits@1": 0.7490636704119851, "hits@3": 0.9082397003745318, "hits@5": 0.9456928838951311, "hits@10": 0.9700374531835206, "hits@20": 0.9831460674157303}, "metrics_test_at_best_dev": {"mr": 2.068901303538175, "mrr": 0.8286590032377572, "hits@1": 0.7309124767225326, "hits@3": 0.9208566108007449, "hits@5": 0.9534450651769087, "hits@10": 0.978584729981378, "hits@20": 0.9925512104283054}}