{"loss": 0.6972775459289551, "_step": 12, "_runtime": 17, "_timestamp": 1636886810, "hits@1": 0.013966480446927373, "hits@3": 0.05027932960893855, "hits@5": 0.07169459962756052, "hits@10": 0.14618249534450653, "hits@20": 0.24487895716945995, "dev_evaluation/mrr": 0.05812521129279083, "dev_evaluation/mr": 46.309925093632955, "test_evaluation/mrr": 0.06521270305064251, "test_evaluation/mr": 45.833333333333336}